name,method,params,matrix,clustering,runtime,Q
Spectral,spectral,{'cluster_count': 4},delta,[2 2 2 2 3 3 3 3 3 3 0 0 0 0 0 0 1 1 1 1 1],0.028148889541625977,0.19216175530771448
HDBSCAN,hdbscan,{},delta,[0 0 0 1 1 2 2 2 2 2 2 3 3 3 3 4 4 4 4 4 4],0.016717195510864258,0.06846476423845037
Affinity,affinity,{},delta,[0 0 0 1 1 1 2 2 2 3 3 3 4 4 4 5 5 5 6 6 6],0.01710963249206543,0.040094655918038624
Spectral,spectral,{'cluster_count': 4},stddv,[1 1 1 1 1 1 1 1 1 2 3 3 3 3 0 0 0 0 2 2 2],0.009944438934326172,0.2567037325868616
HDBSCAN,hdbscan,{},stddv,[0 0 0 3 3 4 4 4 4 4 4 4 2 2 2 1 1 1 1 1 1],0.008609771728515625,0.09977704940851653
Affinity,affinity,{},stddv,[0 0 0 1 1 1 1 1 1 2 2 2 2 2 3 3 3 3 4 4 4],0.009171724319458008,0.10785178850834173
Spectral,spectral,{'cluster_count': 4},delta+1std,[2 2 2 2 0 0 0 0 0 3 3 3 3 3 3 1 1 1 1 1 1],0.016606569290161133,0.186375303041834
HDBSCAN,hdbscan,{},delta+1std,[0 0 0 1 1 2 2 2 2 2 2 3 3 3 3 4 4 4 4 4 4],0.015569448471069336,0.06846476423845037
Affinity,affinity,{},delta+1std,[0 0 0 1 1 1 2 2 2 3 3 3 4 4 4 5 5 5 6 6 6],0.017786264419555664,0.040094655918038624
Spectral,spectral,{'cluster_count': 4},delta+2std,[2 2 2 2 1 1 1 1 1 1 3 3 3 3 3 0 0 0 0 0 0],0.017601728439331055,0.18086711109806478
HDBSCAN,hdbscan,{},delta+2std,[0 0 0 1 1 2 2 2 2 2 2 3 3 3 3 4 4 4 4 4 4],0.016876697540283203,0.06846476423845037
Affinity,affinity,{},delta+2std,[0 0 0 1 1 1 1 2 2 2 3 3 3 3 4 4 4 4 5 5 5],0.016234159469604492,0.0694112457971918
Resicon,Resicon,,,[2 2 1 1 1 1 1 1 1 0 0 0 0 0 0 0 0 0 3 3 3],32.76985692977905,0.19721333362897767
Comodo,Comodo,Elastic Network,,[1 1 1 1 1 1 1 1 2 2 2 2 2 3 3 3 3 3 3 3 3],1.3414409160614014,0.31522887181615744
Comodo,Comodo,Full Covariance Matrix,,[1 1 1 1 1 1 1 1 1 2 2 2 2 2 2 2 2 2 2 2 2],0.15723896026611328,0.5969782158948296
Geostas,Geostas,,,[1 1 1 1 3 3 3 3 3 3 3 2 2 2 2 2 2 2 2 2 2],60.1826958656311,0.37472219866260564
